{"loss": [0.24143199622631073, 0.07750110328197479, 0.06485377997159958, 0.05945102125406265, 0.0557531975209713, 0.05430098995566368, 0.052623722702264786, 0.05133488029241562, 0.05058784410357475, 0.05030191317200661, 0.04961410164833069, 0.048931390047073364, 0.04906633868813515, 0.04845369607210159, 0.04798769950866699, 0.04784771054983139, 0.04753647744655609, 0.04745843634009361, 0.04747680574655533, 0.04694942757487297, 0.04676302522420883, 0.04673067107796669, 0.04624056816101074, 0.045900631695985794, 0.04505297541618347, 0.04424690827727318, 0.04407491907477379, 0.04358553886413574, 0.043372102081775665, 0.04344094544649124], "mae": [0.36627376079559326, 0.21317534148693085, 0.1943906843662262, 0.18536701798439026, 0.17911286652088165, 0.17649173736572266, 0.17356719076633453, 0.1711677461862564, 0.16990478336811066, 0.16935931146144867, 0.16826146841049194, 0.16704165935516357, 0.16726654767990112, 0.16619007289409637, 0.16533537209033966, 0.16512015461921692, 0.1646377444267273, 0.16440556943416595, 0.16445335745811462, 0.1636863648891449, 0.16328172385692596, 0.16313956677913666, 0.16239681839942932, 0.16188637912273407, 0.15993191301822662, 0.15859980881214142, 0.15828679502010345, 0.15745007991790771, 0.15710392594337463, 0.15722618997097015], "val_loss": [0.0892886072397232, 0.0707537829875946, 0.0653507336974144, 0.06374625116586685, 0.06169462203979492, 0.0597541444003582, 0.05883156135678291, 0.06046907976269722, 0.05861624330282211, 0.05883093178272247, 0.057260069996118546, 0.05597927048802376, 0.05622202903032303, 0.056294575333595276, 0.05700298026204109, 0.05564171075820923, 0.054902199655771255, 0.056132569909095764, 0.05422908812761307, 0.05578552186489105, 0.05592772737145424, 0.05447322875261307, 0.05477556958794594, 0.05489068478345871, 0.0554356686770916, 0.053804654628038406, 0.05471881479024887, 0.054281990975141525, 0.05489504709839821, 0.05482897162437439], "val_mae": [0.2263709455728531, 0.19965842366218567, 0.19104214012622833, 0.18489883840084076, 0.18282397091388702, 0.18248428404331207, 0.1796134114265442, 0.17948929965496063, 0.17651736736297607, 0.17727838456630707, 0.17330698668956757, 0.17490911483764648, 0.17282886803150177, 0.1726435273885727, 0.17547082901000977, 0.17223842442035675, 0.17064134776592255, 0.17270074784755707, 0.16866262257099152, 0.169783353805542, 0.17051592469215393, 0.16975224018096924, 0.16807740926742554, 0.17072708904743195, 0.16786521673202515, 0.1663525104522705, 0.16750217974185944, 0.16623589396476746, 0.1674468070268631, 0.1679048091173172], "learning_rate": [0.0010000000474974513, 0.0010000000474974513, 0.0010000000474974513, 0.0010000000474974513, 0.0010000000474974513, 0.0010000000474974513, 0.0010000000474974513, 0.0010000000474974513, 0.0010000000474974513, 0.0010000000474974513, 0.0010000000474974513, 0.0010000000474974513, 0.0010000000474974513, 0.0010000000474974513, 0.0010000000474974513, 0.0010000000474974513, 0.0010000000474974513, 0.0010000000474974513, 0.0010000000474974513, 0.0010000000474974513, 0.0010000000474974513, 0.0010000000474974513, 0.0010000000474974513, 0.0010000000474974513, 0.0005000000237487257, 0.0005000000237487257, 0.0005000000237487257, 0.0005000000237487257, 0.0005000000237487257, 0.0005000000237487257]}