{"loss": [0.6766323447227478, 0.6298559308052063, 0.602152943611145, 0.5797257423400879, 0.5624896883964539, 0.49468928575515747, 0.186581090092659, 0.13152949512004852, 0.11214599758386612, 0.09994696080684662, 0.09318003058433533, 0.08641394972801208, 0.08257308602333069, 0.07904514670372009, 0.07616106420755386, 0.074076347053051, 0.0659392774105072, 0.06440523266792297, 0.06296780705451965, 0.06248939037322998, 0.061347756534814835], "mae": [0.6543152928352356, 0.6353839039802551, 0.6244588494300842, 0.6141278743743896, 0.6035811901092529, 0.5531366467475891, 0.33125486969947815, 0.2778804302215576, 0.2558700740337372, 0.24165713787078857, 0.2331990748643875, 0.22441697120666504, 0.2191702425479889, 0.214334174990654, 0.210332989692688, 0.20732896029949188, 0.19507215917110443, 0.19282908737659454, 0.19078904390335083, 0.18999575078487396, 0.18820013105869293], "val_loss": [0.5675718784332275, 0.5467527508735657, 0.5662922263145447, 0.623120129108429, 0.5808061361312866, 0.6145182251930237, 0.5028964281082153, 0.46445706486701965, 0.45646893978118896, 0.43467509746551514, 0.42082658410072327, 0.435244619846344, 0.43173035979270935, 0.44342586398124695, 0.44004353880882263, 0.4526273310184479, 0.43928173184394836, 0.4378024935722351, 0.4346444606781006, 0.43992719054222107, 0.4392937421798706], "val_mae": [0.5891896486282349, 0.581985592842102, 0.5956772565841675, 0.6221764087677002, 0.6022533774375916, 0.6098943948745728, 0.5346719026565552, 0.5101231932640076, 0.49931710958480835, 0.4922979474067688, 0.48170414566993713, 0.4907624125480652, 0.4874478280544281, 0.49302247166633606, 0.49122464656829834, 0.49931439757347107, 0.4909364879131317, 0.4886261522769928, 0.4866921305656433, 0.4907352328300476, 0.48806270956993103], "learning_rate": [0.0010000000474974513, 0.0010000000474974513, 0.0010000000474974513, 0.0010000000474974513, 0.0010000000474974513, 0.0010000000474974513, 0.0010000000474974513, 0.0010000000474974513, 0.0010000000474974513, 0.0010000000474974513, 0.0010000000474974513, 0.0010000000474974513, 0.0010000000474974513, 0.0010000000474974513, 0.0010000000474974513, 0.0010000000474974513, 0.0005000000237487257, 0.0005000000237487257, 0.0005000000237487257, 0.0005000000237487257, 0.0005000000237487257]}