{"loss": [0.6186642050743103, 0.4146459102630615, 0.1717030256986618, 0.12908823788166046, 0.10982699692249298, 0.09740538895130157, 0.08759776502847672, 0.08135386556386948, 0.07542560249567032, 0.07105252146720886, 0.067003034055233, 0.06410113722085953, 0.062382493168115616, 0.059992168098688126, 0.057437215000391006, 0.056056536734104156, 0.05412020906805992, 0.052919261157512665, 0.05223090946674347, 0.05087369680404663, 0.049222856760025024, 0.048338159918785095, 0.0470762699842453, 0.045950181782245636, 0.0425758995115757, 0.04109429940581322, 0.04027821123600006, 0.03962046280503273, 0.03923908621072769], "mae": [0.631173849105835, 0.5025176405906677, 0.3156213164329529, 0.2722906470298767, 0.2507219910621643, 0.23635262250900269, 0.22422899305820465, 0.21591120958328247, 0.20788125693798065, 0.20199155807495117, 0.19624222815036774, 0.1917952448129654, 0.18904326856136322, 0.18550360202789307, 0.18157994747161865, 0.17926737666130066, 0.17634128034114838, 0.1741318255662918, 0.17294268310070038, 0.17066282033920288, 0.16794979572296143, 0.1664525866508484, 0.16418133676052094, 0.16211387515068054, 0.1558159738779068, 0.153303861618042, 0.15170042216777802, 0.15046751499176025, 0.1496470421552658], "val_loss": [0.9080926179885864, 0.5690708756446838, 0.484086275100708, 0.4447852671146393, 0.4720093309879303, 0.45365771651268005, 0.4573791027069092, 0.4594980478286743, 0.43506982922554016, 0.4305863678455353, 0.4351659119129181, 0.42372554540634155, 0.4198811650276184, 0.4227060079574585, 0.4206342101097107, 0.4155145287513733, 0.42569369077682495, 0.4123528003692627, 0.3980042636394501, 0.41137611865997314, 0.4079645276069641, 0.41012927889823914, 0.4064694344997406, 0.4087359607219696, 0.4191189110279083, 0.4151535928249359, 0.4128444194793701, 0.4207446277141571, 0.41314586997032166], "val_mae": [0.752830445766449, 0.568707287311554, 0.5199443101882935, 0.49170514941215515, 0.5072963833808899, 0.4998705983161926, 0.5058684349060059, 0.5022460222244263, 0.48787108063697815, 0.4879707396030426, 0.4898337125778198, 0.48249587416648865, 0.4804189205169678, 0.48322364687919617, 0.4816039502620697, 0.47754737734794617, 0.4844547510147095, 0.474989652633667, 0.467794805765152, 0.47537848353385925, 0.4741872251033783, 0.4725852310657501, 0.4753228724002838, 0.4800233542919159, 0.4797266721725464, 0.47968438267707825, 0.4770626425743103, 0.48228079080581665, 0.47998282313346863], "learning_rate": [0.0010000000474974513, 0.0010000000474974513, 0.0010000000474974513, 0.0010000000474974513, 0.0010000000474974513, 0.0010000000474974513, 0.0010000000474974513, 0.0010000000474974513, 0.0010000000474974513, 0.0010000000474974513, 0.0010000000474974513, 0.0010000000474974513, 0.0010000000474974513, 0.0010000000474974513, 0.0010000000474974513, 0.0010000000474974513, 0.0010000000474974513, 0.0010000000474974513, 0.0010000000474974513, 0.0010000000474974513, 0.0010000000474974513, 0.0010000000474974513, 0.0010000000474974513, 0.0010000000474974513, 0.0005000000237487257, 0.0005000000237487257, 0.0005000000237487257, 0.0005000000237487257, 0.0005000000237487257]}